nprobe,storage,pool_mib,qps,p50_ms,p99_ms,rss_mib,cache_miss,cache_evict,cache_bypass_reads
4,mmap,0,1939.980,5.18767,33.1845,2963.203,0,0,0
4,buffer,4096,1191.420,9.66321,49.0801,3083.281,0,0,0
8,mmap,0,1133.050,11.0316,49.6511,2962.984,0,0,0
8,buffer,4096,725.274,18.2698,67.5247,3080.797,0,0,0
16,mmap,0,789.154,18.3799,51.5659,2962.812,0,0,0
16,buffer,4096,446.119,32.6225,87.6289,3082.312,0,0,0
32,mmap,0,498.148,30.9125,65.1341,2962.875,0,0,0
32,buffer,4096,277.209,55.6607,114.5310,3080.281,0,0,0
64,mmap,0,317.778,50.0600,85.7518,2962.875,0,0,0
64,buffer,4096,179.042,88.6391,152.8810,3083.031,0,0,0
